	3489316	3489319	3489344	3489394	3489405	3489435	3492074	3493750
AA0040-C	2	0	0	0	1	0	0	0
AA0041-C	2	0	0	0	1	0	0	0
AA0042-C	2	0	0	0	2	0	0	0
AA0043-C	2	0	0	0	2	0	0	0
AA0044-C	2	0	0	0	2	0	0	0
AA0048-C	2	0	0	0	2	0	2	0
AA0049-C	2	0	0	0	2	0	1	0
AA0050-C	2	0	0	0	2	0	2	0
AA0051-C	2	0	0	0	1	0	0	0
AA0052-C	2	0	0	0	2	0	0	0
AA0053-C	2	0	0	0	2	0	0	0
AA0054-C	2	0	0	0	2	0	0	0
AA0055-C	2	0	0	0	0	0	0	0
AA0056-C	2	0	0	0	2	0	0	0
AA0060-C	2	0	0	0	2	0	2	0
AA0061-C	2	0	0	0	2	0	2	0
AA0063-C	2	0	0	0	2	0	0	0
AA0064-C	2	0	0	0	1	0	0	0
AA0066-C	2	0	0	0	1	0	0	0
AA0067-C	2	0	0	0	1	0	0	0
AA0068-C	2	0	0	0	2	0	0	0
AA0072-C	2	0	0	0	1	0	1	0
AA0073-C	2	0	0	0	2	0	1	0
AA0074-C	2	0	0	0	1	0	0	0
AA0075-C	2	0	0	0	1	0	0	0
AA0076-C	2	0	0	0	2	0	0	0
AA0077-C	2	0	0	0	2	0	0	0
AA0080-C	2	0	0	0	1	0	0	0
AA0084-C	2	0	0	0	2	0	2	0
AA0085-C	2	0	0	0	2	0	1	0
AA0086-C	2	0	0	0	2	0	0	0
AA0087-C	2	0	0	0	1	0	0	0
AA0088-C	2	0	0	0	0	0	0	0
AA0089-C	2	0	0	0	1	0	0	0
AA0090-C	2	0	0	0	1	0	0	0
AA0091-C	2	0	0	0	1	0	0	0
AA0096-C	2	0	0	0	2	0	1	0
AA0097-C	2	0	0	0	1	0	1	0
AA0098-C	2	0	0	0	2	0	1	0
AA0099-C	2	0	0	0	1	0	0	0
AA0100-C	2	0	0	0	2	0	0	0
AA0101-C	2	0	0	0	2	0	0	0
AA0102-C	2	0	0	0	2	0	0	0
AA0103-C	2	0	0	0	2	0	0	0
AA0104-C	2	0	0	0	0	0	0	0
AA0107-C	2	0	0	0	2	0	0	0
AA0108-C	2	0	0	0	2	0	2	0
AA0109-C	2	0	0	0	1	0	0	0
AA0110-C	2	0	0	0	1	0	0	0
AA0111-C	2	0	0	0	0	0	0	0
AA0113-C	2	0	0	0	1	0	0	0
AA0114-C	2	0	0	0	2	0	0	0
AA0115-C	2	0	0	0	2	0	0	0
AA0116-C	2	0	0	0	2	0	0	0
AA0122-C	2	0	0	0	2	0	0	0
AA0123-C	2	0	0	0	1	0	0	0
AA0124-C	2	0	0	0	2	0	0	0
AA0125-C	2	0	0	0	2	0	0	0
AA0127-C	2	0	0	0	1	0	0	0
AA0132-C	2	0	0	0	2	0	1	0
AA0133-C	2	0	0	0	2	0	1	0
AA0134-C	2	0	0	0	1	0	0	0
AA0135-C	2	0	0	0	0	0	0	0
AA0136-C	2	0	0	0	2	0	0	0
AA0139-C	2	0	0	0	1	0	0	0
AA0140-C	2	0	0	0	2	0	1	0
AA0141-C	2	0	0	0	1	0	1	0
AB0085-C	2	0	0	0	2	0	0	0
AB0087-C	2	0	0	0	1	0	0	0
AB0088-C	2	0	0	0	0	0	0	0
AB0089-C	2	0	0	0	1	0	0	0
AB0090-C	2	0	0	0	2	0	0	0
AB0091-C	2	0	0	0	1	0	0	0
AB0092-C	2	0	0	0	1	0	0	0
AB0094-C	2	0	0	0	2	0	0	0
AB0095-C	2	0	0	0	2	0	0	0
AB0097-C	2	0	0	0	0	0	0	0
AB0098-C	2	0	0	0	2	0	0	0
AB0099-C	2	0	0	0	2	0	0	0
AB0100-C	2	0	0	0	0	0	0	0
AB0101-C	2	0	0	0	2	0	1	0
AB0103-C	2	0	0	0	2	0	0	0
AB0104-C	2	0	0	0	1	0	0	0
AB0108-C	2	0	0	0	2	0	0	0
AB0109-C	2	0	0	0	2	0	0	0
AB0110-C	2	0	0	0	1	0	0	0
AB0111-C	1	0	0	0	0	0	0	0
AB0112-C	2	0	0	0	2	0	0	0
AB0113-C	2	0	0	0	2	0	1	0
AB0114-C	2	0	0	0	2	0	0	0
AB0115-C	2	0	0	0	1	0	0	0
AB0117-C	2	0	0	0	1	0	1	0
AB0118-C	2	0	0	0	2	0	0	0
AB0119-C	2	0	0	0	2	0	1	0
AB0122-C	2	0	0	0	0	0	0	0
AB0123-C	2	0	0	0	0	0	0	0
AB0124-C	2	0	0	0	1	0	0	0
AB0126-C	2	0	0	0	2	0	0	0
AB0127-C	2	0	0	0	2	0	0	0
AB0128-C	2	0	0	0	2	0	0	0
AB0129-C	2	0	0	0	2	0	0	0
AB0130-C	2	0	0	0	2	0	0	0
AB0133-C	2	0	0	0	2	0	1	0
AB0134-C	2	0	0	0	2	0	1	0
AB0135-C	2	0	0	0	2	0	1	0
AB0136-C	2	0	0	0	2	0	1	0
AB0137-C	2	0	0	0	2	0	0	0
AB0138-C	2	0	0	0	2	0	0	0
AB0139-C	2	0	0	0	2	0	0	0
AB0140-C	2	0	0	0	0	0	0	0
AB0142-C	2	0	0	0	0	0	0	0
AB0143-C	2	0	0	0	2	0	1	0
AB0145-C	2	0	0	0	2	0	1	0
AB0146-C	2	0	0	0	1	0	1	0
AB0147-C	2	0	0	0	1	0	0	0
AB0148-C	2	0	0	0	2	0	0	0
AB0150-C	2	0	0	0	2	0	1	0
AB0151-C	2	0	0	0	2	0	0	0
AB0153-C	2	0	0	0	2	0	1	0
AB0155-C	2	0	0	0	2	0	0	0
AB0157-C	2	0	0	0	2	0	1	0
AB0158-C	2	0	0	0	2	0	1	0
AB0159-C	2	0	0	0	2	0	1	0
AB0160-C	2	0	0	0	2	0	1	1
AB0161-C	2	0	0	0	1	0	0	0
AB0162-C	2	0	0	0	0	0	0	0
AB0164-C	2	0	0	0	2	0	0	0
AB0165-C	2	0	0	0	2	0	0	0
AB0166-C	2	0	0	0	2	0	0	0
AB0167-C	2	0	0	0	2	0	0	0
AB0169-C	2	0	0	0	2	0	0	0
AB0170-C	2	0	0	0	2	0	1	0
AB0171-C	2	0	0	0	2	0	0	0
AB0172-C	2	0	0	0	2	0	0	0
AB0173-C	2	0	0	0	1	0	0	0
AB0174-C	2	0	0	0	2	0	0	0
AB0175-C	2	0	0	0	2	0	0	0
AB0176-C	2	0	0	0	2	0	0	0
AB0177-C	2	0	0	0	2	0	0	0
AB0178-C	2	0	0	0	2	0	0	0
AB0179-C	2	0	0	0	2	0	0	0
AB0181-C	2	0	0	0	1	0	0	0
AB0182-C	2	0	0	0	2	0	0	0
AB0183-C	2	0	0	0	2	0	0	0
AB0184-C	2	0	0	0	1	0	0	0
AB0185-C	1	0	0	0	1	0	0	0
AB0186-C	2	0	0	0	2	0	0	0
AB0187-C	2	0	0	0	2	0	0	0
AB0188-C	2	0	0	0	2	0	0	0
AB0189-C	2	0	0	0	2	0	0	0
AB0190-C	2	0	0	0	2	0	0	0
AB0191-C	2	0	0	0	1	0	0	0
AB0192-C	2	0	0	0	1	0	0	0
AB0195-C	2	0	0	0	1	0	0	0
AB0196-C	2	0	0	0	2	0	0	0
AB0197-C	2	0	0	0	2	0	1	0
AB0198-C	2	0	0	0	2	0	1	0
AB0199-C	2	0	0	0	1	0	0	0
AB0200-C	2	0	0	0	2	1	0	0
AB0201-C	1	0	0	0	2	0	0	0
AB0202-C	2	0	0	0	2	0	0	0
AB0203-C	2	0	0	0	2	0	0	0
AB0204-C	2	0	0	0	1	0	0	0
AB0205-C	2	0	0	0	1	0	0	0
AB0206-C	2	0	0	0	2	0	0	0
AB0207-C	2	0	0	0	2	0	0	0
AB0208-C	2	0	0	0	2	0	1	0
AB0209-C	2	0	0	0	2	0	0	0
AB0210-C	2	0	0	0	0	0	0	0
AB0211-C	2	0	0	0	2	0	1	0
AB0212-C	2	0	0	0	0	0	0	0
AB0213-C	2	0	0	0	1	0	0	0
AB0215-C	2	0	0	0	0	0	0	0
AB0217-C	2	0	0	0	1	0	1	0
AB0218-C	2	0	0	0	1	0	0	0
AB0219-C	2	0	0	0	1	0	0	0
AB0221-C	2	0	0	0	2	0	0	0
AB0222-C	2	0	0	0	1	0	0	0
AB0223-C	1	0	0	0	1	0	0	0
AB0224-C	2	0	0	0	2	0	0	0
AB0226-C	2	0	0	0	2	0	0	0
AB0227-C	2	0	0	0	1	0	0	0
AB0228-C	2	0	0	0	2	0	1	0
AB0229-C	2	0	0	0	1	0	0	0
AB0231-C	2	0	1	0	2	0	0	0
AB0232-C	2	0	0	0	2	0	0	0
AB0233-C	2	0	0	0	1	0	0	0
AB0234-C	2	0	0	0	1	0	0	0
AB0235-C	2	0	0	0	2	0	1	0
AB0236-C	2	0	0	0	2	0	0	0
AB0237-C	2	0	0	0	0	0	0	0
AB0238-C	2	0	0	0	2	0	1	0
AB0239-C	2	0	0	0	2	0	1	0
AB0240-C	2	0	0	0	2	0	0	0
AB0241-C	2	0	0	0	1	0	1	0
AB0242-C	2	0	0	0	2	0	0	0
AB0243-C	2	0	0	0	2	0	0	0
AB0244-C	2	0	0	0	2	0	0	0
AB0246-C	2	0	0	0	1	0	0	0
AB0247-C	1	0	0	0	1	0	0	0
AB0248-C	2	0	0	0	1	0	0	0
AB0249-C	2	0	0	0	0	0	0	0
AB0250-C	2	0	0	0	2	0	0	0
AB0251-C	2	0	0	0	2	0	0	0
AB0252-C	2	0	0	0	2	0	0	0
AB0253-C	2	0	0	0	2	0	1	0
AB0255-C	2	0	0	0	1	0	0	0
AB0256-C	2	0	0	0	2	0	0	0
AB0257-C	2	0	0	0	1	0	0	0
AB0258-C	2	0	0	0	1	0	0	0
AB0260-C	2	0	0	0	2	0	0	0
AB0261-C	2	0	0	0	1	0	0	0
AB0262-C	2	0	0	0	0	0	0	0
AB0263-C	2	0	0	0	2	0	0	0
AB0264-C	2	0	0	0	2	0	0	0
AB0265-C	2	0	0	0	2	0	0	0
AB0266-C	2	0	0	0	1	0	0	0
AB0267-C	2	0	0	0	1	0	0	0
AB0268-C	2	0	0	0	1	0	0	0
AB0270-C	2	0	0	0	2	0	0	0
AB0271-C	2	0	0	0	2	0	0	0
AB0272-C	2	0	1	0	1	0	0	0
AB0273-C	2	0	0	0	2	0	0	0
AB0274-C	2	0	0	0	2	0	1	0
AB0275-C	2	0	0	0	2	0	0	0
AB0276-C	2	0	0	0	1	0	0	0
AB0277-C	2	0	0	0	2	0	0	0
AB0278-C	2	0	0	0	2	0	0	0
AB0279-C	2	0	0	0	2	0	1	0
AB0280-C	2	0	0	0	2	0	0	0
AB0281-C	2	0	0	0	2	0	0	0
AB0282-C	2	0	0	0	0	0	0	0
AB0283-C	2	0	0	0	2	0	0	0
AB0284-C	2	0	0	0	2	0	1	0
AC0089-C	2	0	0	0	2	0	0	0
AC0090-C	2	0	0	0	2	0	0	0
AC0091-C	2	0	0	0	2	0	0	0
AC0092-C	2	0	0	0	2	0	0	0
AC0093-C	2	0	0	0	2	0	0	0
AC0094-C	2	0	0	0	2	0	0	0
AC0095-C	2	0	0	0	2	0	0	0
AC0096-C	2	0	0	0	2	0	0	0
AC0097-C	2	0	0	0	2	0	0	0
AC0098-C	2	0	0	0	2	0	0	0
AC0099-C	1	0	0	0	2	0	0	0
AC0100-C	2	1	0	0	2	0	0	0
AC0101-C	2	0	0	0	1	0	0	0
AC0102-C	2	0	0	0	2	0	0	0
AC0103-C	2	0	0	0	2	0	0	0
AC0104-C	2	0	0	0	2	0	0	0
AC0105-C	2	0	0	0	2	0	0	0
AC0106-C	2	0	0	0	1	0	0	0
AC0107-C	2	0	0	0	2	0	0	0
AC0108-C	1	0	0	0	2	0	0	0
AC0109-C	2	0	0	0	2	0	0	0
AC0110-C	2	0	0	0	1	0	0	0
AC0111-C	2	0	0	0	2	0	0	0
AC0112-C	2	0	0	0	2	0	0	0
AC0113-C	2	0	0	0	2	0	0	0
AC0114-C	2	0	0	0	2	0	0	0
AC0115-C	2	0	0	0	2	0	0	0
AC0116-C	2	0	1	0	1	0	0	0
AC0117-C	2	0	0	0	2	0	0	0
AC0118-C	2	0	0	0	2	0	0	0
AC0119-C	2	0	0	0	1	0	0	0
AC0120-C	2	0	0	0	2	0	0	0
AC0121-C	2	0	0	0	2	0	0	0
AC0122-C	2	0	0	0	2	0	0	0
AC0123-C	2	0	0	0	2	0	0	0
AC0124-C	2	0	0	0	2	0	0	0
AC0125-C	2	0	0	0	2	0	0	0
AC0126-C	2	0	1	0	2	0	0	0
AC0127-C	2	0	0	0	0	0	0	0
AC0128-C	2	0	0	0	2	0	0	0
AC0129-C	2	0	0	0	1	0	0	0
AC0130-C	2	0	0	0	2	0	0	0
AC0131-C	2	0	0	0	2	0	0	0
AC0132-C	2	0	0	0	2	0	0	0
AC0133-C	2	0	0	0	2	0	0	0
AC0134-C	2	0	0	0	2	0	0	0
AC0135-C	2	0	0	0	2	0	0	0
AC0136-C	2	0	0	0	2	0	0	0
AC0137-C	2	0	0	0	2	0	0	0
AC0138-C	2	0	0	0	2	0	0	0
AC0139-C	2	0	0	0	2	0	0	0
AC0140-C	2	0	0	0	2	0	0	0
AC0141-C	2	0	0	0	1	0	0	0
AC0142-C	2	0	0	0	2	0	0	0
AC0143-C	2	0	0	0	2	0	0	0
AC0144-C	2	0	0	0	2	0	0	0
AC0145-C	2	0	0	0	2	0	0	0
AC0146-C	2	0	0	0	2	0	0	0
AC0147-C	2	0	0	0	2	0	0	0
AC0148-C	2	0	0	0	2	0	0	0
AC0149-C	2	0	0	0	2	0	0	0
AC0150-C	2	0	0	0	2	0	0	0
AC0151-C	2	0	0	0	1	0	0	0
AC0152-C	2	0	0	0	2	0	0	0
AC0153-C	2	0	0	0	2	0	0	0
AC0154-C	2	0	0	0	2	0	0	0
AC0155-C	2	0	0	0	2	0	0	0
AC0156-C	2	0	0	0	2	0	0	0
AC0157-C	2	0	0	0	2	0	0	0
AC0158-C	2	0	0	0	2	0	0	0
AC0159-C	2	0	0	0	2	0	0	0
AC0160-C	2	0	0	0	2	0	0	0
AC0161-C	2	0	0	0	2	0	0	0
AC0162-C	2	0	0	0	2	0	0	0
AC0163-C	2	0	1	0	2	0	0	0
AC0164-C	2	0	0	0	1	0	0	0
AC0166-C	2	0	0	0	2	0	0	0
AC0167-C	2	0	0	0	2	0	0	0
AC0168-C	2	0	0	0	1	1	0	0
AC0169-C	2	0	0	0	1	0	0	0
AC0170-C	2	0	0	0	2	0	0	0
AC0171-C	2	0	0	0	1	0	0	0
AC0172-C	2	0	0	0	2	0	0	0
AC0173-C	2	0	0	0	2	0	0	0
AC0174-C	2	0	0	0	2	0	0	0
AC0176-C	2	0	0	0	1	0	0	0
AC0177-C	2	0	0	0	2	0	0	0
AC0178-C	2	0	0	0	2	0	0	0
AC0179-C	2	0	0	0	2	0	0	0
AC0180-C	2	0	0	0	2	0	0	0
AC0181-C	2	0	0	0	2	0	0	0
AC0182-C	2	0	0	0	2	0	0	0
AC0183-C	2	0	0	0	2	0	0	0
AC0184-C	2	0	0	0	2	0	0	0
AC0185-C	2	0	0	0	1	0	0	0
AC0186-C	2	0	0	0	2	0	0	0
AC0187-C	2	0	0	0	1	0	0	0
AC0188-C	2	0	0	0	2	0	0	0
AC0189-C	2	0	0	0	2	0	0	0
AC0190-C	2	0	0	0	1	0	0	0
AC0191-C	2	0	0	0	2	0	0	0
AC0192-C	2	0	0	0	2	0	0	0
AC0193-C	2	0	0	0	2	0	0	0
AC0194-C	2	0	0	0	2	0	0	0
AC0195-C	2	0	0	0	2	0	0	0
AC0196-C	2	0	0	0	1	0	0	0
AC0197-C	2	0	0	0	1	0	0	0
AC0199-C	2	0	0	0	2	0	0	0
AC0200-C	2	0	0	0	2	0	0	0
AC0201-C	2	0	0	0	2	0	0	0
AC0202-C	2	0	0	0	2	0	0	0
AC0203-C	2	0	0	0	1	0	0	0
AG0082-C	2	0	0	0	1	0	0	0
AG0085-C	2	0	0	0	0	0	0	0
AG0089-C	2	0	0	0	1	0	0	0
AG0096-C	2	0	0	0	0	0	0	0
AG0097-C	2	0	0	0	0	0	0	0
AG0098-C	2	0	0	0	0	0	0	0
AG0100-C	2	0	0	0	1	0	0	0
AG0102-C	2	0	0	0	1	0	0	0
AG0104-C	2	0	0	0	1	0	0	0
AG0106-C	1	0	0	0	2	0	0	0
AG0108-C	2	0	0	0	0	0	0	0
AG0109-C	2	0	0	0	1	0	0	0
AG0111-C	2	0	0	0	1	0	0	0
AG0118-C	2	0	0	0	2	0	0	0
AG0120-C	2	0	0	0	1	0	0	0
AG0121-C	2	0	0	0	0	0	0	0
AG0123-C	2	0	0	0	1	0	0	0
AG0125-C	2	0	0	0	1	0	0	0
AG0126-C	1	0	0	0	1	0	0	0
AG0127-C	2	0	0	0	0	0	0	0
AG0128-C	2	0	0	0	2	0	0	0
AG0129-C	2	0	0	0	1	0	0	0
AG0133-C	2	0	0	0	0	0	0	0
AG0134-C	2	0	0	0	0	0	0	0
AG0136-C	2	0	0	0	0	0	0	0
AG0137-C	2	0	0	0	1	0	0	0
AG0138-C	1	0	0	0	1	0	0	0
AG0139-C	2	0	0	0	1	0	0	0
AG0141-C	2	0	0	0	2	0	0	0
AG0142-C	2	0	0	0	1	0	0	0
AG0143-C	2	0	0	0	0	0	0	0
AG0144-C	2	0	1	0	1	0	0	0
AG0145-C	2	0	0	0	2	0	0	0
AG0146-C	2	0	0	0	1	0	0	0
AG0147-C	2	0	0	0	1	0	0	0
AG0148-C	2	0	0	0	1	0	0	0
AG0152-C	2	0	0	0	2	0	0	0
AG0153-C	2	0	0	0	1	0	0	0
AG0156-C	2	0	0	0	1	0	0	0
AG0159-C	2	0	0	0	1	0	0	0
AG0162-C	2	0	0	0	2	0	0	0
AG0163-C	2	0	0	0	1	0	0	0
AG0169-C	2	0	0	0	1	0	0	0
AG0170-C	2	0	0	0	1	0	0	0
AG0172-C	2	0	0	0	1	0	0	0
AG0178-C	2	0	0	0	2	0	0	0
AG0179-C	2	0	0	0	1	0	0	0
AG0181-C	2	0	0	0	1	0	0	0
AG0183-C	2	0	0	0	1	0	0	0
AG0195-C	2	0	0	0	1	0	0	0
AG0197-C	2	0	0	0	1	0	0	0
AG0202-C	2	0	0	0	1	0	0	0
AG0203-C	2	0	0	0	1	0	0	0
AG0204-C	2	0	0	0	1	0	0	0
AG0206-C	2	0	0	0	1	0	0	0
AG0208-C	2	0	0	0	1	0	0	0
AG0214-C	2	0	0	0	0	0	0	0
AG0221-C	2	0	0	0	1	0	0	0
AG0223-C	1	0	0	0	1	0	0	0
AG0227-C	2	0	1	0	1	0	0	0
AG0229-C	2	0	0	0	0	0	0	0
AG0230-C	2	0	0	0	1	0	0	0
AG0231-C	2	0	0	0	1	0	0	0
AG0232-C	2	0	0	0	1	0	0	0
AG0263-C	2	0	0	0	2	0	0	0
AJ0023-C	2	0	0	0	0	0	0	0
AJ0024-C	2	0	0	0	2	0	0	0
AJ0028-C	2	0	0	0	1	0	0	0
AJ0032-C	2	0	0	0	1	0	0	0
AJ0035-C	2	0	0	0	1	0	0	0
AJ0036-C	2	0	0	0	2	0	0	0
AJ0037-C	2	0	0	0	2	0	0	0
AJ0038-C	2	0	0	0	1	0	0	0
AJ0039-C	2	0	0	0	1	0	0	0
AJ0043-C	2	0	0	0	1	0	0	0
AJ0044-C	2	0	0	0	0	0	0	0
AJ0045-C	2	0	0	0	0	0	0	0
AJ0047-C	2	0	0	0	2	0	0	0
AJ0051-C	2	0	0	0	1	0	0	0
AJ0052-C	2	0	0	0	1	0	0	0
AJ0056-C	2	0	0	0	0	0	0	0
AJ0059-C	2	0	0	0	1	0	0	0
AJ0060-C	2	0	0	0	1	0	0	0
AJ0061-C	2	0	0	0	1	0	0	0
AJ0063-C	2	0	0	0	0	0	0	0
AJ0064-C	2	0	0	0	2	0	0	0
AJ0066-C	2	0	0	0	1	0	0	0
AJ0068-C	2	0	0	0	1	0	0	0
AJ0070-C	2	0	0	0	0	0	0	0
AJ0071-C	2	0	0	0	1	0	0	0
AJ0072-C	2	0	0	0	1	0	0	0
AJ0074-C	2	0	0	0	0	0	0	0
AJ0075-C	2	0	0	0	2	0	0	0
AJ0076-C	2	0	0	0	0	0	0	0
AJ0077-C	2	0	0	0	2	0	0	0
AJ0078-C	2	0	1	0	1	0	0	0
AJ0080-C	2	0	0	0	1	0	0	0
AJ0081-C	2	0	0	0	1	0	0	0
AJ0084-C	2	0	0	0	2	0	0	0
AJ0085-C	2	0	0	0	2	0	0	0
AJ0086-C	2	0	0	0	1	0	0	0
AJ0087-C	2	0	0	0	0	0	0	0
AJ0088-C	2	0	0	0	0	0	0	0
AJ0090-C	2	0	0	0	1	0	0	0
AJ0092-C	2	0	0	0	0	0	0	0
AJ0093-C	2	0	0	0	1	0	0	0
AJ0095-C	2	0	0	0	1	0	0	0
AJ0096-C	2	0	0	0	1	0	0	0
AJ0097-C	2	0	0	0	1	0	0	0
AJ0098-C	2	0	0	0	1	0	0	0
AJ0099-C	2	0	0	0	0	0	0	0
AJ0100-C	2	0	0	0	0	0	0	0
AJ0101-C	2	0	0	0	1	0	0	0
AJ0102-C	2	0	0	0	2	0	0	0
AJ0103-C	2	0	0	0	0	0	0	0
AJ0105-C	2	0	0	0	2	0	0	0
AJ0107-C	2	0	0	0	1	0	0	0
AJ0109-C	2	0	0	0	0	0	0	0
AJ0113-C	2	0	0	0	2	0	0	0
AJ0115-C	2	0	0	0	1	0	0	0
AJ0116-C	2	0	0	0	1	0	0	0
AJ0117-C	2	0	0	0	1	0	0	0
AJ0119-C	2	0	0	0	1	0	0	0
AJ0128-C	2	0	0	0	0	0	0	0
AJ0129-C	2	0	0	0	1	0	0	0
AJ0130-C	2	0	0	0	1	0	0	0
AJ0131-C	2	0	0	0	0	0	0	0
AJ0132-C	2	0	0	0	0	0	0	0
AJ0133-C	2	0	0	0	0	0	0	0
AJ0134-C	2	0	0	0	1	0	0	0
AJ0135-C	2	0	0	0	1	0	0	0
AJ0136-C	2	0	0	0	1	0	0	0
AJ0137-C	2	0	0	0	1	0	0	0
AJ0138-C	2	0	0	0	0	0	0	0
AJ0139-C	2	0	0	0	1	0	0	0
AJ0140-C	2	0	0	0	0	0	0	0
AJ0141-C	2	0	0	0	1	0	0	0
AJ0142-C	2	0	0	0	2	0	0	0
AJ0143-C	2	0	0	0	1	0	0	0
AJ0144-C	2	0	0	0	0	0	0	0
AJ0145-C	2	0	0	0	1	0	0	0
AJ0146-C	2	0	0	0	1	0	0	0
AJ0147-C	2	0	0	0	0	0	0	0
AJ0148-C	2	0	0	0	1	0	0	0
AJ0149-C	2	0	0	0	0	0	0	0
AJ0150-C	2	0	0	0	1	0	0	0
AJ0151-C	2	0	0	0	1	0	0	0
AJ0152-C	2	0	0	0	2	0	0	0
AJ0153-C	2	0	0	0	1	0	0	0
AJ0154-C	2	0	0	0	0	0	0	0
AJ0155-C	2	0	0	0	1	0	0	0
AJ0156-C	2	0	0	0	1	0	0	0
AJ0157-C	2	0	0	0	2	0	0	0
AJ0158-C	2	0	0	0	1	0	0	0
AJ0159-C	2	0	0	0	1	0	0	0
AJ0161-C	2	0	0	0	0	0	0	0
AK0060-C	2	0	0	0	2	0	0	1
AK0062-C	1	0	0	0	1	0	0	1
AK0065-C	2	0	0	0	2	0	0	0
AK0066-C	2	0	0	0	2	0	0	1
AK0067-C	2	0	0	0	2	0	0	1
AK0068-C	2	0	0	0	2	0	0	1
AK0069-C	2	0	0	0	2	0	0	2
AK0070-C	2	0	0	0	2	0	0	2
AK0072-C	2	0	0	0	2	0	0	2
AK0073-C	2	0	0	0	2	0	0	0
AK0074-C	2	0	0	0	2	0	0	1
AK0075-C	2	0	0	0	2	0	0	1
AK0076-C	2	0	0	0	2	0	0	2
AK0077-C	2	0	0	0	2	0	0	2
AK0078-C	1	0	0	0	1	0	0	1
AK0079-C	2	0	0	0	2	0	0	2
AK0080-C	2	0	0	0	2	0	0	1
AK0081-C	2	0	0	0	1	0	0	1
AK0082-C	2	0	0	0	2	0	0	1
AK0085-C	2	0	0	0	1	0	0	1
AK0086-C	2	0	0	0	1	0	0	1
AK0087-C	2	0	0	0	2	0	0	1
AK0088-C	2	0	0	0	0	0	0	0
AK0089-C	2	0	0	0	1	0	0	1
AK0090-C	0	0	0	0	0	0	0	0
AK0091-C	2	0	0	0	2	0	0	1
AK0092-C	1	0	0	0	0	0	0	0
AK0093-C	2	0	0	0	2	0	0	1
AK0094-C	1	0	0	0	0	0	0	0
AK0095-C	2	0	0	0	1	0	0	1
AK0096-C	1	0	0	0	1	0	0	1
AK0098-C	1	0	0	0	1	0	0	1
AK0099-C	2	0	0	0	0	0	0	0
AK0100-C	2	0	0	0	1	0	0	0
AK0101-C	1	0	0	0	1	0	0	1
AK0102-C	2	0	0	0	0	0	0	0
AK0103-C	2	0	0	0	1	0	0	0
AK0104-C	1	0	0	0	1	0	0	0
AK0105-C	2	0	0	0	0	0	0	0
AK0106-C	1	0	0	0	1	0	0	1
AK0107-C	2	0	0	0	2	0	0	1
AK0108-C	2	0	0	0	1	0	0	1
AK0109-C	1	0	0	0	1	0	0	0
AK0110-C	1	0	0	0	1	0	0	1
AK0116-C	1	0	0	0	0	0	0	0
AK0117-C	2	0	0	0	2	0	0	1
AK0119-C	2	0	0	0	1	0	0	1
AK0127-C	2	0	0	0	1	0	0	0
AN0007-C	2	0	0	0	2	0	0	0
AN0008-C	2	0	0	0	2	0	0	0
AN0009-C	2	0	0	0	2	0	0	0
AN0010-C	2	0	0	0	1	0	0	0
AN0011-C	2	0	0	0	2	0	0	0
AN0012-C	2	0	0	0	2	0	0	0
AN0013-C	2	0	0	0	2	0	0	0
AN0014-C	2	0	0	0	2	0	0	0
AN0015-C	2	0	0	0	2	0	0	0
AN0016-C	2	0	0	0	2	0	0	0
AN0017-C	2	0	0	0	2	0	0	0
AN0018-C	2	0	0	0	2	0	0	0
AN0019-C	2	0	0	0	2	0	0	0
AN0020-C	2	0	0	0	2	0	0	0
AN0022-C	2	0	0	0	2	0	0	0
AN0023-C	2	0	0	0	2	0	0	0
AN0024-C	2	0	0	0	2	0	0	0
AN0025-C	2	0	0	0	2	0	0	0
AN0026-C	2	0	0	0	2	0	0	0
AN0027-C	2	0	1	0	2	0	0	0
AN0028-C	2	0	0	0	2	0	0	0
AN0029-C	2	0	0	0	1	0	0	0
AN0030-C	2	0	0	0	2	0	0	0
AN0031-C	2	0	0	0	2	0	0	0
AN0032-C	2	0	1	0	2	0	0	0
AN0033-C	2	0	0	0	2	0	0	0
AN0034-C	2	0	0	0	2	0	0	0
AN0035-C	2	0	0	0	2	0	0	0
AN0036-C	2	0	0	0	1	0	0	0
AN0037-C	2	0	0	0	1	0	0	0
AN0038-C	2	0	0	0	2	0	0	0
AN0039-C	2	0	0	0	2	0	0	0
AN0040-C	2	0	0	0	2	0	0	0
AN0041-C	2	0	0	0	2	0	0	0
AN0042-C	2	0	0	0	2	0	0	0
AN0043-C	2	0	0	0	2	0	0	0
AN0044-C	2	0	0	0	2	0	0	0
AN0045-C	2	0	0	0	2	0	0	0
AN0046-C	2	0	0	0	2	0	0	0
AN0047-C	2	0	0	0	2	0	0	0
AN0048-C	2	0	0	0	2	0	0	0
AN0049-C	2	0	0	0	2	0	0	0
AN0050-C	2	0	0	0	2	0	0	0
AN0051-C	2	0	0	0	2	0	0	0
AN0053-C	2	0	0	0	2	0	0	0
AN0054-C	2	0	1	0	2	0	0	0
AN0055-C	2	0	0	0	2	0	0	0
AN0056-C	1	0	0	0	2	0	0	0
AN0057-C	2	0	0	0	2	0	0	0
AN0058-C	2	0	0	0	2	0	0	0
AN0059-C	2	0	0	0	2	0	0	0
AN0060-C	2	0	0	0	2	0	0	0
AN0061-C	2	0	0	0	2	0	0	0
AN0062-C	2	0	0	0	2	0	0	0
AN0063-C	2	0	0	0	2	0	0	0
AN0064-C	2	0	0	0	2	0	0	0
AN0065-C	2	0	0	0	2	0	0	0
AN0066-C	2	0	0	0	2	0	0	0
AN0067-C	2	0	0	0	1	0	0	0
AN0068-C	2	0	0	0	2	0	0	0
AN0069-C	2	0	0	0	2	0	0	0
AN0070-C	2	0	0	0	2	0	0	0
AN0071-C	2	0	0	0	2	0	0	0
AN0072-C	2	0	0	0	2	0	0	0
AN0073-C	2	0	0	0	2	0	0	0
AN0074-C	2	0	0	0	1	0	0	0
AN0075-C	2	0	0	0	2	0	0	0
AN0076-C	2	0	0	0	2	0	0	0
AN0077-C	2	0	0	0	2	0	0	0
AN0079-C	2	0	0	0	1	1	0	0
AN0080-C	2	0	0	0	2	0	0	0
AN0081-C	2	0	0	0	1	0	0	0
AN0082-C	2	1	0	0	2	0	0	0
AN0083-C	2	0	1	0	2	0	0	0
AN0084-C	2	0	0	0	2	0	0	0
AN0085-C	2	0	0	0	2	0	0	0
AN0086-C	2	0	0	0	2	0	0	0
AN0087-C	2	0	0	0	2	0	0	0
AN0088-C	2	0	0	0	2	0	0	0
AN0089-C	2	0	0	0	2	0	0	0
AN0090-C	2	0	0	0	1	0	0	0
AN0091-C	2	0	0	0	2	0	0	0
AN0092-C	2	0	0	0	2	0	0	0
AN0093-C	2	0	0	0	2	0	0	0
AN0094-C	2	0	0	0	2	0	0	0
AN0095-C	2	0	0	0	2	0	0	0
AN0096-C	2	0	0	0	1	0	0	0
AN0097-C	2	0	0	0	1	0	0	0
AN0098-C	2	0	0	0	1	0	0	0
AN0099-C	2	0	0	0	2	0	0	0
AN0100-C	2	0	0	0	2	0	0	0
AN0101-C	2	0	0	0	2	0	0	0
AN0102-C	2	0	0	0	2	0	0	0
AN0103-C	2	0	0	0	2	0	0	0
AN0104-C	2	0	0	0	2	0	0	0
AN0105-C	2	0	0	0	2	0	0	0
AN0106-C	2	0	0	0	2	0	0	0
AN0107-C	2	0	0	0	2	0	0	0
AN0108-C	2	0	0	0	2	0	0	0
AN0109-C	2	0	0	0	2	0	0	0
AN0111-C	2	0	0	0	1	0	0	0
AN0112-C	2	0	0	0	2	0	0	0
AN0113-C	2	0	0	0	2	0	0	0
AN0114-C	2	0	0	0	2	0	0	0
AN0115-C	2	0	0	0	2	0	0	0
AN0117-C	2	0	0	0	2	0	0	0
AN0118-C	2	0	0	0	2	0	0	0
AN0119-C	2	0	0	0	2	0	0	0
AN0120-C	2	0	0	0	2	0	0	0
AN0121-C	2	0	1	0	2	0	0	0
AN0122-C	1	0	0	0	2	0	0	0
AN0123-C	2	0	0	0	2	0	0	0
AN0124-C	2	0	0	0	2	0	0	0
AN0125-C	2	0	0	0	2	0	0	0
AN0126-C	2	0	0	0	2	0	0	0
AN0127-C	2	0	0	0	2	0	0	0
AN0128-C	2	0	0	0	2	0	0	0
AN0129-C	2	0	0	0	2	0	0	0
AN0130-C	2	0	0	0	2	0	0	0
AN0131-C	2	0	0	0	2	0	0	0
AN0132-C	2	0	1	0	2	0	0	0
AN0134-C	2	0	0	0	1	0	0	0
AN0135-C	2	0	0	0	2	0	0	0
AN0136-C	2	0	0	0	1	0	0	0
AN0137-C	2	0	0	0	2	0	0	0
AN0138-C	2	0	0	0	2	0	0	0
AN0139-C	2	0	0	0	2	0	0	0
AN0140-C	2	0	0	0	2	0	0	0
AN0141-C	2	0	0	0	1	0	0	0
AN0142-C	2	0	0	0	2	0	0	0
AN0143-C	2	0	0	0	2	0	0	0
AN0144-C	2	0	0	0	2	0	0	0
AN0147-C	2	0	0	0	1	0	0	0
AN0149-C	2	0	0	0	2	0	0	0
AN0151-C	2	0	0	0	2	0	0	0
AN0152-C	1	0	0	0	2	0	0	0
AN0153-C	2	0	0	0	2	0	0	0
AN0154-C	2	0	0	0	2	0	0	0
AN0155-C	2	0	0	0	1	0	0	0
AN0156-C	2	0	0	0	2	0	0	0
AN0157-C	2	0	0	0	2	0	0	0
AN0158-C	2	0	0	0	2	0	0	0
AN0159-C	2	0	0	0	2	0	0	0
AN0160-C	2	0	0	0	2	0	0	0
AN0162-C	2	0	0	0	2	0	0	0
AN0163-C	2	0	0	0	2	0	0	0
AN0164-C	2	0	0	0	2	0	0	0
AN0165-C	2	0	0	0	2	0	0	0
AN0166-C	2	0	0	0	2	0	0	0
AN0167-C	2	0	0	0	2	0	0	0
AN0168-C	2	0	0	0	2	0	0	0
AN0169-C	2	0	0	0	2	0	0	0
AN0170-C	2	0	0	0	2	0	0	0
AN0171-C	2	0	0	0	2	0	0	0
AN0172-C	2	0	0	0	2	0	0	0
AN0173-C	2	0	0	0	2	0	0	0
AN0174-C	2	0	0	0	2	0	0	0
AN0175-C	2	0	0	0	2	0	0	0
AN0176-C	2	0	0	0	2	0	0	0
AN0177-C	2	0	0	0	2	0	0	0
AN0178-C	1	0	0	0	2	0	0	0
AN0179-C	2	0	0	0	2	0	0	0
AN0180-C	2	0	0	0	2	0	0	0
AN0181-C	2	0	0	0	2	0	0	0
AN0182-C	2	0	0	0	2	0	0	0
AN0183-C	2	0	0	0	2	0	0	0
AN0184-C	2	0	0	0	1	0	0	0
AN0185-C	2	0	0	0	2	0	0	0
AN0186-C	2	0	0	0	2	0	0	0
AN0187-C	2	1	0	0	2	0	0	0
AN0188-C	2	0	0	0	2	0	0	0
AN0189-C	2	0	0	0	2	0	0	0
AN0190-C	2	0	0	0	2	0	0	0
AN0191-C	2	0	0	0	2	0	0	0
AN0192-C	2	0	0	0	2	0	0	0
AN0193-C	2	0	0	0	2	0	0	0
AN0194-C	2	0	0	0	2	0	0	0
AN0196-C	2	0	0	0	2	0	0	0
AN0197-C	2	0	0	0	2	0	0	0
AN0198-C	2	0	0	0	2	0	0	0
AN0199-C	2	0	0	0	2	0	0	0
AN0200-C	2	0	0	0	2	0	0	0
AN0201-C	2	0	0	0	1	0	0	0
AN0202-C	2	0	0	0	2	0	0	0
AN0203-C	2	0	0	0	2	0	0	0
AN0204-C	2	0	0	0	2	0	0	0
AN0205-C	2	0	0	0	2	0	0	0
AN0206-C	2	0	0	0	1	0	0	0
AN0207-C	2	0	0	0	2	0	0	0
AN0208-C	2	0	0	0	1	0	0	0
AN0209-C	1	0	0	0	2	0	0	0
AN0210-C	2	0	0	0	2	0	0	0
AN0212-C	2	0	0	0	2	0	0	0
AN0213-C	2	0	0	0	2	0	0	0
AN0214-C	2	0	0	0	2	0	0	0
AN0215-C	1	0	0	0	1	0	0	0
AN0217-C	2	0	0	0	2	0	0	0
AN0218-C	2	0	0	0	2	0	0	0
AN0219-C	2	1	0	0	2	0	0	0
AN0220-C	2	0	0	0	2	0	0	0
AN0221-C	2	0	0	0	2	0	0	0
AN0222-C	2	0	0	0	2	0	0	0
AN0223-C	2	0	0	0	2	0	0	0
AN0224-C	2	0	0	0	2	0	0	0
AN0225-C	2	0	0	0	2	0	0	0
AN0226-C	2	0	0	0	2	0	0	0
AN0227-C	2	0	0	0	2	0	0	0
AN0228-C	2	0	0	0	1	0	0	0
AN0229-C	2	0	0	0	2	0	0	0
AN0230-C	2	0	0	0	1	0	0	0
AN0231-C	2	0	0	0	1	0	0	0
AN0232-C	2	0	0	0	2	0	0	0
AN0233-C	2	0	0	0	2	0	0	0
AN0234-C	2	0	0	0	2	0	0	0
AN0235-C	2	0	0	0	2	0	0	0
AN0236-C	2	0	0	0	1	0	0	0
AN0237-C	2	0	0	0	2	0	0	0
AN0238-C	2	0	0	0	2	0	0	0
AN0239-C	2	0	0	0	2	0	0	0
AN0240-C	2	0	0	0	2	0	0	0
AN0241-C	2	0	0	0	2	0	0	0
AN0242-C	2	0	0	0	2	0	0	0
AN0243-C	2	0	0	0	1	0	0	0
AN0244-C	2	0	0	0	2	0	0	0
AN0245-C	2	0	0	0	2	0	0	0
AN0246-C	2	0	0	0	2	0	0	0
AN0247-C	2	1	0	0	2	0	0	0
AN0248-C	2	0	0	0	2	0	0	0
AN0250-C	2	0	0	0	2	0	0	0
AN0251-C	2	0	0	0	2	0	0	0
AN0252-C	2	0	0	0	2	0	0	0
AN0253-C	2	0	0	0	2	0	0	0
AN0254-C	2	0	0	0	2	0	0	0
AN0255-C	2	0	0	0	2	0	0	0
AN0256-C	2	1	0	0	2	0	0	0
AN0258-C	1	0	0	0	1	0	0	0
AN0259-C	2	0	0	0	2	0	0	0
AN0260-C	2	0	0	0	2	0	0	0
AN0261-C	2	0	0	0	0	0	0	0
AN0262-C	2	0	0	0	2	0	0	0
AN0263-C	2	0	0	0	1	0	0	0
AN0264-C	2	1	0	0	2	0	0	0
AN0265-C	2	0	0	0	2	0	0	0
AN0266-C	2	0	1	0	2	0	0	0
AN0267-C	2	0	0	0	2	0	0	0
AN0268-C	2	1	0	0	2	0	0	0
AN0269-C	2	0	0	0	2	0	0	0
AN0270-C	2	0	0	0	2	0	0	0
AN0271-C	2	0	0	0	2	0	0	0
AN0272-C	2	0	0	0	2	0	0	0
AN0275-C	2	0	0	0	2	0	0	0
AN0276-C	2	0	0	0	2	0	0	0
AN0277-C	2	0	0	0	2	0	0	0
AN0278-C	2	0	0	0	2	0	0	0
AN0279-C	2	0	0	0	2	0	0	0
AN0280-C	2	0	0	0	2	0	0	0
AN0281-C	2	0	0	0	2	0	0	0
AN0282-C	2	0	0	0	2	0	0	0
AN0283-C	1	0	0	0	2	0	0	0
AN0284-C	2	0	0	0	2	0	0	0
AN0285-C	2	0	0	0	2	0	0	0
AN0286-C	2	0	0	0	2	0	0	0
AN0287-C	2	0	0	0	2	0	0	0
AN0288-C	2	0	0	0	2	0	0	0
AN0289-C	2	0	0	0	2	0	0	0
AN0290-C	2	0	0	0	2	0	0	0
AN0291-C	2	0	0	0	1	0	0	0
AN0292-C	2	0	0	0	2	0	0	0
AN0293-C	2	0	0	0	2	0	0	0
AN0294-C	2	0	0	0	2	0	0	0
AN0295-C	2	0	0	0	2	0	0	0
AN0296-C	2	0	0	0	2	0	0	0
AN0297-C	2	0	1	0	2	0	0	0
AN0298-C	2	0	0	0	2	1	0	0
AN0299-C	2	0	0	0	2	0	0	0
AN0300-C	2	0	0	0	2	0	0	0
AN0301-C	2	0	0	0	2	0	0	0
AN0302-C	2	0	0	0	1	0	0	0
AN0303-C	2	0	0	0	2	0	0	0
AN0304-C	2	0	0	0	1	1	0	0
AN0305-C	2	1	0	0	2	0	0	0
AN0306-C	2	0	0	0	2	0	0	1
AN0307-C	2	0	0	0	2	0	0	0
AN0308-C	2	0	0	0	2	0	0	1
AN0309-C	2	0	0	0	2	0	0	0
AN0310-C	2	0	0	0	2	0	0	0
AN0311-C	2	0	0	0	1	0	0	0
AN0312-C	2	0	0	0	2	0	0	0
AN0313-C	2	0	0	0	1	0	0	0
AN0314-C	2	0	0	0	2	0	0	0
AN0315-C	2	0	0	0	1	0	0	0
AN0316-C	2	0	0	0	2	0	0	0
AN0317-C	2	0	0	0	2	0	0	0
AN0318-C	2	0	0	0	2	0	0	0
AN0319-C	2	0	0	0	2	0	0	0
AN0320-C	2	0	0	0	2	0	0	0
AN0321-C	2	0	0	0	1	0	0	0
AP0002-C	2	0	0	0	2	0	0	0
AP0005-C	2	0	0	0	2	0	0	0
AP0006-C	2	0	0	0	2	0	0	0
AP0007-C	2	0	0	0	2	0	0	0
AP0008-C	2	0	0	0	2	0	0	0
AP0009-C	2	0	0	0	2	0	0	0
AP0010-C	2	0	0	0	2	0	0	0
AP0011-C	2	0	0	0	2	0	0	0
AP0014-C	2	0	0	0	2	0	0	0
AP0017-C	2	0	0	0	2	0	0	0
AP0018-C	2	0	0	0	2	0	0	0
AP0019-C	2	0	0	0	1	0	0	0
AP0020-C	2	0	0	0	1	0	0	0
AP0021-C	2	0	0	0	2	0	0	0
AP0022-C	2	0	0	0	1	0	0	0
AP0023-C	2	0	0	0	1	0	0	0
AP0024-C	2	0	0	0	1	0	0	0
AP0025-C	2	0	0	0	2	0	0	0
AP0030-C	2	0	0	0	2	0	0	0
AP0031-C	2	0	0	0	2	0	0	0
AP0032-C	2	0	0	0	2	0	0	0
AP0033-C	2	0	0	0	2	0	0	0
AP0034-C	2	0	0	0	0	0	0	0
AP0035-C	2	0	0	0	1	0	0	0
AQ0001-C	2	0	0	0	2	0	0	0
AQ0002-C	2	0	0	0	2	0	0	0
AQ0004-C	2	0	1	0	2	0	0	0
AQ0005-C	1	0	0	0	2	1	0	0
AQ0011-C	2	0	0	0	2	0	0	0
AQ0012-C	2	0	0	0	2	0	0	0
AQ0013-C	2	0	0	0	2	0	0	0
AQ0014-C	2	0	0	0	2	0	0	0
AQ0015-C	2	0	0	0	2	0	0	0
AR0001-C	2	0	0	0	2	0	0	0
AR0007-C	2	0	0	0	2	0	0	0
AR0008-C	2	0	0	0	2	0	0	0
AR0009-C	2	0	0	0	2	0	0	0
AR0010-C	2	0	0	0	2	0	0	0
AR0011-C	2	0	0	0	2	0	0	0
AR0012-C	2	0	0	1	2	0	0	0
AR0013-C	2	0	0	0	2	0	0	0
AR0014-C	2	0	0	0	2	0	0	0
AR0015-C	2	0	0	0	2	0	0	0
AR0016-C	2	0	0	0	2	0	0	0
AR0017-C	2	0	0	0	2	0	0	0
AR0018-C	2	0	0	0	2	0	0	0
AR0019-C	2	0	0	0	2	0	0	0
AR0020-C	2	0	0	0	2	0	0	0
AR0021-C	2	0	0	0	2	0	0	0
AR0022-C	2	0	0	0	2	0	0	0
AR0023-C	2	0	0	0	2	0	0	0
AR0024-C	2	0	0	0	2	0	0	0
AR0026-C	2	0	0	0	2	0	0	0
AR0027-C	2	0	0	0	2	0	0	0
AR0034-C	2	0	0	0	2	0	0	0
AR0035-C	2	0	0	0	2	0	0	0
AR0036-C	2	0	0	0	2	0	0	0
AR0038-C	2	0	0	0	2	0	0	0
AR0040-C	2	0	0	0	2	0	0	0
AR0042-C	2	0	0	0	2	0	0	0
AR0043-C	2	0	0	0	2	0	0	0
AR0044-C	2	0	0	0	2	0	0	0
AR0045-C	2	0	0	0	2	0	0	0
AR0046-C	2	0	0	0	2	0	0	0
AR0047-C	2	0	0	0	2	0	0	0
AR0048-C	2	0	0	0	2	0	0	0
AR0049-C	2	0	0	0	2	0	0	0
AR0050-C	2	0	0	1	2	0	0	0
AR0051-C	2	0	0	0	2	0	0	0
AR0052-C	2	0	0	0	2	0	0	0
AR0053-C	2	0	0	0	2	0	0	0
AR0054-C	2	0	0	0	2	0	0	0
AR0057-C	2	0	0	0	2	0	0	0
AR0059-C	2	0	0	0	2	0	0	0
AR0060-C	2	0	0	0	2	0	0	0
AR0061-C	2	0	0	1	2	0	0	0
AR0062-C	2	0	0	1	2	0	0	0
AR0063-C	2	0	0	0	2	0	0	0
AR0064-C	2	0	0	0	2	0	0	0
AR0065-C	2	0	0	0	2	0	0	0
AR0066-C	2	0	0	1	2	0	0	0
AR0069-C	2	0	0	0	2	0	0	0
AR0070-C	2	0	0	1	2	0	0	0
AR0071-C	2	0	0	0	2	0	0	0
AR0072-C	2	0	0	0	2	0	0	0
AR0073-C	2	0	0	0	2	0	0	0
AR0074-C	2	0	0	1	2	0	0	0
AR0075-C	2	0	0	1	2	0	0	0
AR0076-C	2	0	0	0	2	0	0	0
AR0077-C	2	0	0	0	2	0	0	0
AR0078-C	2	0	0	0	2	0	0	0
AR0079-C	2	0	0	0	2	0	0	0
AR0080-C	2	0	0	0	2	0	0	0
AR0081-C	2	0	0	0	2	0	0	0
AR0082-C	2	0	0	0	2	0	0	0
AR0083-C	2	0	0	0	2	0	0	0
AR0084-C	2	0	0	0	2	0	0	0
AR0085-C	2	0	0	0	2	0	0	0
AR0086-C	2	0	0	0	2	0	0	0
AR0087-C	2	0	0	0	2	0	0	0
AR0088-C	2	0	0	0	2	0	0	0
AR0089-C	2	0	0	1	2	0	0	0
AR0090-C	2	0	0	0	2	0	0	0
AR0092-C	2	0	0	0	2	0	0	0
AR0093-C	2	0	0	0	2	0	0	0
AR0095-C	2	0	0	0	2	0	0	0
AR0096-C	2	0	0	0	2	0	0	0
AR0097-C	2	0	0	1	2	0	0	0
AR0098-C	2	0	0	0	2	0	0	0
AR0099-C	2	0	0	0	2	0	0	0
AR0100-C	2	0	0	0	2	0	0	0
AS0001-C	2	0	0	0	2	0	0	0
AS0002-C	2	1	0	0	2	0	0	0
AS0003-C	2	0	0	0	2	0	0	0
AS0004-C	2	0	0	0	2	0	0	0
AS0005-C	2	0	0	0	2	0	0	0
AS0006-C	2	0	0	0	2	0	0	0
AS0007-C	2	0	0	0	2	0	0	0
AS0008-C	2	2	0	0	2	0	0	0
AS0009-C	2	1	0	0	2	0	0	0
AS0010-C	2	0	0	0	2	0	0	0
AS0011-C	2	0	0	0	2	0	0	0
AS0012-C	2	0	0	0	2	0	0	0
AS0013-C	2	0	0	0	2	0	0	0
AS0014-C	2	0	0	0	2	0	0	0
AS0015-C	2	0	0	0	2	0	0	0
AS0016-C	2	1	0	0	2	0	0	0
AS0017-C	2	1	0	0	2	0	0	0
AS0018-C	2	0	0	0	2	0	0	0
AS0019-C	2	0	0	1	2	0	0	0
AS0020-C	2	1	0	0	2	0	0	0
AS0021-C	2	0	0	0	2	0	0	0
AS0022-C	2	0	0	0	2	0	0	0
AS0024-C	2	0	0	0	2	0	0	0
AS0025-C	2	0	0	0	2	0	0	0
AS0026-C	2	0	0	0	2	0	0	0
AS0027-C	2	0	0	0	2	0	0	0
AS0028-C	2	0	0	0	1	0	0	0
AS0029-C	2	0	0	0	2	0	0	0
AS0030-C	2	1	0	0	2	0	0	0
AS0032-C	2	2	0	0	2	0	0	0
AS0033-C	2	0	0	0	2	0	0	0
AS0034-C	2	1	0	1	2	0	0	0
AS0035-C	2	0	0	0	2	0	0	0
AS0036-C	2	0	0	0	2	0	0	0
AS0037-C	2	0	0	0	2	0	0	0
AS0039-C	2	0	0	0	2	0	0	0
AS0040-C	2	0	0	0	2	0	0	0
AS0041-C	2	0	0	0	2	0	0	0
AS0042-C	2	0	0	1	2	0	0	0
AS0044-C	2	0	0	0	2	0	0	0
AS0045-C	2	1	0	0	2	0	0	0
AS0046-C	2	1	0	0	2	0	0	0
AS0047-C	2	0	0	0	2	0	0	0
AS0048-C	2	1	0	0	2	0	0	0
AS0049-C	2	0	0	0	2	0	0	0
AS0051-C	2	1	0	0	1	0	0	0
AS0052-C	2	0	0	0	2	0	0	0
AS0053-C	2	1	0	0	2	0	0	0
AS0054-C	2	0	0	0	2	0	0	0
AS0055-C	2	1	0	0	2	0	0	0
AS0056-C	2	0	0	0	2	0	0	0
AS0057-C	2	1	0	0	2	0	0	0
AS0058-C	2	1	0	0	2	0	0	0
AS0059-C	2	1	0	0	2	0	0	0
AS0060-C	2	0	0	0	1	0	0	0
AS0062-C	2	0	0	0	2	0	0	0
AS0064-C	2	1	0	0	2	0	0	0
AS0065-C	2	0	0	0	2	0	0	0
AS0066-C	2	1	0	0	2	0	0	0
AS0068-C	2	0	0	0	2	0	0	0
AS0069-C	2	0	0	0	2	0	0	0
AS0070-C	2	1	0	0	2	0	0	0
AS0071-C	2	0	0	0	2	0	0	0
AS0072-C	2	1	0	0	2	0	0	0
AS0073-C	2	0	0	1	2	0	0	0
AS0074-C	2	0	0	0	2	0	0	0
AS0076-C	2	1	0	0	2	0	0	0
AS0077-C	2	1	0	0	2	0	0	0
AS0078-C	2	0	0	0	2	0	0	0
AV0001-C	2	0	0	0	1	0	1	0
AV0002-C	2	0	0	0	2	0	0	0
AV0003-C	2	0	0	0	2	0	0	0
AV0004-C	2	0	0	0	2	0	0	0
AV0005-C	2	0	0	0	2	0	1	0
AV0006-C	2	0	0	0	2	0	0	0
AV0007-C	2	0	0	0	1	0	0	0
AV0008-C	2	0	0	0	2	0	0	0
AV0009-C	2	0	0	0	2	0	0	0
AV0010-C	2	0	0	0	2	0	0	0
AV0011-C	2	0	0	0	2	0	0	0
AV0012-C	2	0	0	0	2	0	0	0
AV0013-C	2	0	0	0	2	0	0	0
AV0014-C	2	0	0	0	2	0	0	0
AV0015-C	2	0	0	0	2	0	0	0
AV0017-C	2	0	0	0	1	0	0	0
AV0018-C	2	0	0	0	2	0	0	0
AV0020-C	2	0	0	0	2	0	1	0
AV0021-C	2	0	0	0	2	0	0	0
AV0022-C	2	0	0	0	2	0	0	0
AV0024-C	2	0	0	0	2	0	0	0
AV0025-C	2	0	0	0	1	0	0	0
AV0026-C	2	0	0	0	2	0	1	0
AV0027-C	2	0	0	0	2	0	0	0
AV0028-C	2	0	0	0	2	0	0	0
AV0029-C	2	0	0	0	2	0	1	0
AV0030-C	2	0	0	0	2	0	0	0
AV0031-C	2	0	0	0	1	0	1	0
AV0032-C	2	0	0	0	2	0	0	0
AV0033-C	2	0	0	0	2	0	1	0
AV0034-C	2	0	0	0	1	0	0	0
AV0035-C	2	0	0	0	2	0	0	0
AV0036-C	2	0	0	0	2	0	1	0
AV0037-C	2	0	0	0	2	0	0	0
AV0038-C	2	0	0	0	2	0	0	0
AV0039-C	2	0	0	0	2	0	0	0
AV0040-C	2	0	0	0	2	0	0	0
AV0041-C	2	0	0	0	2	0	1	0
AV0042-C	2	0	0	0	2	0	0	0
AV0043-C	2	0	0	0	2	0	0	0
AV0044-C	2	0	0	0	2	0	0	0
AV0045-C	2	0	0	0	2	0	0	0
AV0046-C	2	0	0	0	2	0	0	0
AV0047-C	2	0	0	0	2	0	0	0
AY0006-C	2	0	0	0	1	0	0	0
AY0007-C	2	0	0	0	2	0	1	0
AY0010-C	2	0	0	0	1	0	0	0
AY0011-C	2	0	0	0	2	0	1	0
AY0012-C	2	0	0	0	1	0	1	0
AY0013-C	2	0	0	0	1	0	1	0
AY0015-C	2	0	0	0	1	0	1	0
AY0016-C	2	0	0	0	2	0	1	0
AY0017-C	2	0	0	0	2	0	1	0
AY0018-C	2	0	0	0	1	0	1	0
AY0019-C	2	0	0	0	1	0	0	0
AY0020-C	2	0	0	0	2	0	1	0
AY0021-C	1	0	0	0	1	0	0	0
AY0023-C	2	0	0	0	1	0	1	0
AY0024-C	2	0	0	0	2	0	1	0
AY0025-C	2	0	0	0	2	0	1	0
AY0026-C	2	0	0	0	1	0	1	0
AY0027-C	2	0	0	0	2	0	1	0
AY0029-C	2	0	0	0	1	0	1	0
AY0031-C	2	0	0	0	1	0	1	0
AY0032-C	2	0	0	0	1	0	1	0
AY0033-C	2	0	0	0	1	0	1	0
AY0034-C	2	0	0	0	1	0	1	0
AY0035-C	2	0	0	0	1	0	1	0
AY0036-C	2	0	0	0	1	0	1	0
AY0038-C	2	0	0	0	1	0	1	0
AY0039-C	2	0	0	0	2	0	1	0
AY0040-C	2	0	0	0	1	0	0	0
AY0041-C	2	0	0	0	0	0	0	0
AY0042-C	2	0	0	0	2	0	1	0
AY0043-C	2	0	0	0	1	0	0	0
AY0045-C	2	0	0	0	1	0	1	0
AY0046-C	2	0	0	0	2	0	1	0
AY0047-C	2	0	0	0	2	0	1	0
AY0048-C	2	0	0	0	1	0	1	0
AY0049-C	2	0	0	0	1	0	1	0
AY0050-C	2	0	0	0	2	0	1	0
AY0052-C	2	0	0	0	2	0	1	0
AY0053-C	2	0	0	0	1	0	1	0
AY0054-C	2	0	0	0	2	0	0	0
AY0055-C	2	0	0	0	2	0	1	0
AY0056-C	2	0	0	0	1	0	1	0
AY0057-C	2	0	0	0	1	0	1	0
AY0058-C	2	0	0	0	2	0	1	0
AY0059-C	2	0	0	0	1	0	1	0
AY0060-C	2	0	0	0	2	0	1	0
AY0061-C	2	0	0	0	2	0	1	0
AY0062-C	2	0	0	0	2	0	1	0
AY0063-C	2	0	0	0	1	0	1	0
AY0064-C	2	0	0	0	2	0	1	0
AY0065-C	2	0	0	0	1	0	1	0
AY0066-C	2	0	0	0	2	0	1	0
AY0067-C	2	0	0	0	2	0	1	0
AY0068-C	2	0	0	0	1	0	1	0
AY0069-C	2	0	0	0	2	0	1	0
AY0070-C	2	0	0	0	1	0	1	0
AY0072-C	2	0	0	0	2	0	1	0
AY0074-C	2	0	0	0	1	0	1	0
AY0076-C	2	0	0	0	2	0	1	0
AY0077-C	2	0	0	0	2	0	1	0
AY0078-C	2	0	0	0	1	0	1	0
AY0079-C	2	0	0	0	2	0	1	0
AY0080-C	2	0	0	0	2	0	1	0
AY0082-C	2	0	0	0	1	0	1	0
AY0083-C	2	0	0	0	1	0	1	0
AY0085-C	2	0	0	0	0	0	0	0
AY0087-C	2	0	0	0	1	0	1	0
AY0088-C	2	0	0	0	2	0	1	0
AY0089-C	2	0	0	0	1	0	1	0
AY0090-C	2	0	0	0	1	0	1	0
AY0091-C	2	0	0	0	2	0	1	0
